{"cameraMode":{"drawMode":0,"name":"Shaded","section":"Shading Mode"},"sceneLighting":false,"audioPlay":false,"sceneViewState":{"showFog":true,"showMaterialUpdate":false,"showSkybox":false,"showFlares":true,"showImageEffects":true,"showParticleSystems":true},"in2DMode":false,"pivot":{"x":-31.194046020507814,"y":3.3600001335144045,"z":7.119589805603027},"rotation":{"x":-0.04184626787900925,"y":0.9575492739677429,"z":-0.18257488310337068,"w":-0.21943511068820954},"size":2.2489891052246095,"orthographic":false}