{"cameraMode":{"drawMode":0,"name":"Shaded","section":"Shading Mode"},"sceneLighting":false,"audioPlay":false,"sceneViewState":{"showFog":true,"showMaterialUpdate":false,"showSkybox":false,"showFlares":true,"showImageEffects":true,"showParticleSystems":true},"in2DMode":false,"pivot":{"x":4.192405700683594,"y":1.1963735818862916,"z":0.60089111328125},"rotation":{"x":-0.0028384076431393625,"y":0.99553382396698,"z":-0.03348034620285034,"w":-0.09070228040218353},"size":79.69805908203125,"orthographic":false}