{"cameraMode":{"drawMode":0,"name":"Shaded","section":"Shading Mode"},"sceneLighting":false,"audioPlay":false,"sceneViewState":{"showFog":true,"showMaterialUpdate":false,"showSkybox":false,"showFlares":true,"showImageEffects":true,"showParticleSystems":true},"in2DMode":false,"pivot":{"x":0.4279722571372986,"y":5.230839729309082,"z":2.5802431106567385},"rotation":{"x":-0.09108591824769974,"y":0.005991361569613218,"z":-0.000568970397580415,"w":-0.9958816766738892},"size":5.400017738342285,"orthographic":false}