{"cameraMode":{"drawMode":0,"name":"Shaded","section":"Shading Mode"},"sceneLighting":false,"audioPlay":false,"sceneViewState":{"showFog":true,"showMaterialUpdate":false,"showSkybox":false,"showFlares":true,"showImageEffects":true,"showParticleSystems":true},"in2DMode":false,"pivot":{"x":0.15371370315551759,"y":-3.131195545196533,"z":-2.7466535568237306},"rotation":{"x":0.0720033124089241,"y":-0.8619897961616516,"z":0.48523226380348208,"w":0.12790101766586305},"size":3.8001534938812258,"orthographic":false}