{"cameraMode":{"drawMode":0,"name":"Shaded","section":"Shading Mode"},"sceneLighting":false,"audioPlay":false,"sceneViewState":{"showFog":true,"showMaterialUpdate":false,"showSkybox":false,"showFlares":true,"showImageEffects":true,"showParticleSystems":true},"in2DMode":false,"pivot":{"x":-22.500680923461915,"y":4.224381446838379,"z":15.067866325378418},"rotation":{"x":-0.0524664930999279,"y":0.9276041984558106,"z":-0.14247679710388184,"w":-0.3415203094482422},"size":12.05648136138916,"orthographic":false}