{"cameraMode":{"drawMode":0,"name":"Shaded","section":"Shading Mode"},"sceneLighting":true,"audioPlay":false,"sceneViewState":{"showFog":true,"showMaterialUpdate":false,"showSkybox":false,"showFlares":true,"showImageEffects":true,"showParticleSystems":true},"in2DMode":false,"pivot":{"x":26.664438247680665,"y":6.901662349700928,"z":23.969694137573243},"rotation":{"x":-0.22428713738918305,"y":-0.004092526622116566,"z":0.0009529066155664623,"w":-0.9745340347290039},"size":2.4901175498962404,"orthographic":false}