{"cameraMode":{"drawMode":0,"name":"Shaded","section":"Shading Mode"},"sceneLighting":false,"audioPlay":false,"sceneViewState":{"showFog":true,"showMaterialUpdate":false,"showSkybox":true,"showFlares":true,"showImageEffects":true,"showParticleSystems":true},"in2DMode":false,"pivot":{"x":0.0,"y":18.689998626708986,"z":1.6999988555908204},"rotation":{"x":0.0012204824015498162,"y":0.9889801740646362,"z":-0.1488698124885559,"w":0.005643667187541723},"size":24.211692810058595,"orthographic":false}