{"cameraMode":{"drawMode":0,"name":"Shaded","section":"Shading Mode"},"sceneLighting":true,"audioPlay":false,"sceneViewState":{"showFog":true,"showMaterialUpdate":false,"showSkybox":true,"showFlares":true,"showImageEffects":true,"showParticleSystems":true},"in2DMode":false,"pivot":{"x":56.95323181152344,"y":34.892486572265628,"z":23.309558868408204},"rotation":{"x":0.11263302713632584,"y":-0.8366515636444092,"z":-0.1878470927476883,"w":-0.5022689700126648},"size":24.46887969970703,"orthographic":false