{"cameraMode":{"drawMode":0,"name":"Shaded","section":"Shading Mode"},"sceneLighting":true,"audioPlay":false,"sceneViewState":{"showFog":true,"showMaterialUpdate":false,"showSkybox":false,"showFlares":true,"showImageEffects":true,"showParticleSystems":true},"in2DMode":false,"pivot":{"x":1.046932578086853,"y":0.37241601943969729,"z":-21.978517532348634},"rotation":{"x":-0.4405853748321533,"y":0.014000557363033295,"z":-0.006872626952826977,"w":-0.8975767493247986},"size":4.533974647521973,"orthographic":false}